-- POVOAMENTO DE CLIENTES

INSERT INTO CLIENTE VALUES ('12345678910', 'João', '12345678', '1234');
INSERT INTO CLIENTE VALUES ('12345678911', 'Maria', '12345677', '1235');
INSERT INTO CLIENTE VALUES ('12345678912', 'Luana', '12345678', '1435');
INSERT INTO CLIENTE VALUES ('12345678913', 'Raul', '22345678', '2234');
INSERT INTO CLIENTE VALUES ('12345678914', 'Ana', '22345677', '2235');
INSERT INTO CLIENTE VALUES ('12345678915', 'William', '22345678', '2435');
INSERT INTO CLIENTE VALUES ('12345678916', 'Felipe', '32345678', '3234');
INSERT INTO CLIENTE VALUES ('12345678917', 'Henrique', '32345677', '3235');
INSERT INTO CLIENTE VALUES ('12345678918', 'Viviane', '32345678', '3435');

-- POVOAMENTO DE TELEFONES

INSERT INTO TELEFONE VALUES ('12345678910', '999999999');
INSERT INTO TELEFONE VALUES ('12345678911', '999999998');
INSERT INTO TELEFONE VALUES ('12345678912', '999999997');
INSERT INTO TELEFONE VALUES ('12345678913', '999999996');
INSERT INTO TELEFONE VALUES ('12345678914', '999999995');
INSERT INTO TELEFONE VALUES ('12345678915', '999999994');
INSERT INTO TELEFONE VALUES ('12345678916', '999999993');
INSERT INTO TELEFONE VALUES ('12345678917', '999999992');
INSERT INTO TELEFONE VALUES ('12345678918', '999999991');


-- POVOAMENTO DE ANIMAIS

INSERT INTO ANIMAL VALUES ('A000000001', '12345678910', 'Bolinha', 'Poodle', 'M', TO_DATE('2018-05-01', 'YYYY-MM-DD'));
INSERT INTO ANIMAL VALUES ('A000000002', '12345678911', 'Nina', 'Vira-lata', 'F', TO_DATE('2019-01-10', 'YYYY-MM-DD'));
INSERT INTO ANIMAL VALUES ('A000000003', '12345678912', 'Thor', 'Golden Retriever', 'M', TO_DATE('2020-06-15', 'YYYY-MM-DD'));
INSERT INTO ANIMAL VALUES ('A000000004', '12345678913', 'Lila', 'Shih-tzu', 'F', TO_DATE('2017-11-23', 'YYYY-MM-DD'));
INSERT INTO ANIMAL VALUES ('A000000005', '12345678914', 'Mel', 'Labrador', 'F', TO_DATE('2016-12-10', 'YYYY-MM-DD'));
INSERT INTO ANIMAL VALUES ('A000000006', '12345678915', 'Boby', 'Buldogue', 'M', TO_DATE('2019-03-22', 'YYYY-MM-DD'));
INSERT INTO ANIMAL VALUES ('A000000007', '12345678916', 'Billy', 'Beagle', 'M', TO_DATE('2015-09-05', 'YYYY-MM-DD'));
INSERT INTO ANIMAL VALUES ('A000000008', '12345678917', 'Sophie', 'Lhasa Apso', 'F', TO_DATE('2018-10-18', 'YYYY-MM-DD'));
INSERT INTO ANIMAL VALUES ('A000000009', '12345678918', 'Rex', 'Dálmata', 'M', TO_DATE('2021-01-30', 'YYYY-MM-DD'));


-- POVOAMENTO DE CLINICAS 

INSERT INTO CLINICA VALUES ('12345678901234', 'Clinica Veterinária São Francisco', 'Rua São Francisco, 123 - Centro');
INSERT INTO CLINICA VALUES ('23456789012345', 'Clínica Veterinária Amigo Fiel', 'Av. das Palmeiras, 567 - Jardim Botânico');
INSERT INTO CLINICA VALUES ('34567890123456', 'Pet Clínica Animais de Estimação', 'Rua dos Animais, 789 - Vila Animal');
INSERT INTO CLINICA VALUES ('45678901234567', 'Veterinária PetShop', 'Av. das Flores, 321 - Jardim das Flores');


-- POVOAMENTO DE DESCONTOS

INSERT INTO DESCONTO VALUES ('DESC10', 10.00);
INSERT INTO DESCONTO VALUES ('DESC15', 15.00);
INSERT INTO DESCONTO VALUES ('DESC20', 20.00);
INSERT INTO DESCONTO VALUES ('DESC25', 25.00);
INSERT INTO DESCONTO VALUES ('DESC30', 30.00);
INSERT INTO DESCONTO VALUES ('DESC35', 35.00);
INSERT INTO DESCONTO VALUES ('DESC40', 40.00);
INSERT INTO DESCONTO VALUES ('DESC45', 45.00);
INSERT INTO DESCONTO VALUES ('DESC50', 50.00);

-- POVAMENTO DE CONTRATAM


INSERT INTO CONTRATAM VALUES ('12345678910', '12345678901234', 'DESC10');
INSERT INTO CONTRATAM VALUES ('12345678911', '23456789012345', 'DESC15');
INSERT INTO CONTRATAM VALUES ('12345678912', '34567890123456', 'DESC20');
INSERT INTO CONTRATAM VALUES ('12345678913', '45678901234567', 'DESC50');
INSERT INTO CONTRATAM VALUES ('12345678914', '34567890123456', 'DESC30');
INSERT INTO CONTRATAM VALUES ('12345678915', '12345678901234', 'DESC10');
INSERT INTO CONTRATAM VALUES ('12345678916', '45678901234567', 'DESC40');
INSERT INTO CONTRATAM VALUES ('12345678917', '45678901234567', 'DESC20');
INSERT INTO CONTRATAM VALUES ('12345678918', '12345678901234', 'DESC30');

-- POVOAMENTO DE EMPREGADOS

INSERT INTO EMPREGADO VALUES ('E00001', '12345678901234', '1112345678', 'João Silva', 2500.00, NULL);
INSERT INTO EMPREGADO VALUES ('E00002', '23456789012345', '1223456789', 'Maria Santos', 3500.00, 'E00001');
INSERT INTO EMPREGADO VALUES ('E00003', '34567890123456', '2234567890', 'Pedro Souza', 2200.00, NULL);
INSERT INTO EMPREGADO VALUES ('E00004', '45678901234567', '3245678901', 'Ana Costa', 2800.00, 'E00001');
INSERT INTO EMPREGADO VALUES ('E00005', '45678901234567', '1456789012', 'Lucas Lima', 4200.00, 'E00003');
INSERT INTO EMPREGADO VALUES ('E00006', '34567890123456', '8267890123', 'Júlia Oliveira', 3000.00, 'E00002');
INSERT INTO EMPREGADO VALUES ('E00007', '34567890123456', '8478901234', 'Márcia Mendes', 3600.00, 'E00001');
INSERT INTO EMPREGADO VALUES ('E00008', '12345678901234', '8189012345', 'Fernando Santos', 4000.00, NULL);
INSERT INTO EMPREGADO VALUES ('E00009', '12345678901234', '5290123456', 'Thiago Rodrigues', 5000.00, 'E00008');

-- POVOAMENTO DE GRADUADO

INSERT INTO GRADUADO VALUES ('E00001', 'Bacharel em Administração', 'Gerente Financeiro');
INSERT INTO GRADUADO VALUES ('E00002', 'Bacharel em Medicina Veterinária', 'Médico Platonista');
INSERT INTO GRADUADO VALUES ('E00003', 'Bacharel em Medicina Veterinária', 'Cirurgião Veterinário');
INSERT INTO GRADUADO VALUES ('E00004', 'Bacharel em Marketing', 'Marketing da Clínica');


-- POVOAMENTO DE TECNICO

INSERT INTO TECNICO VALUES ('E00001', 'Técnico de Enfermagem');
INSERT INTO TECNICO VALUES ('E00002', 'Técnico de Radiologia');
INSERT INTO TECNICO VALUES ('E00003', 'Técnico de Laboratório');
INSERT INTO TECNICO VALUES ('E00004', 'Técnico de Análises Clínicas');
INSERT INTO TECNICO VALUES ('E00005', 'Técnico de Nutrição');

-- POVOAMENTO DE LOJA

INSERT INTO LOJA VALUES ('L000000001', '12345678901234', '1111111111', 'Rua das Flores, 123 - Centro');
INSERT INTO LOJA VALUES ('L000000002', '23456789012345', '2222222222', 'Av. dos Girassóis, 456 - Jardim Botânico');
INSERT INTO LOJA VALUES ('L000000003', '34567890123456', '3333333333', 'Rua dos Animais, 789 - Vila Animal');
INSERT INTO LOJA VALUES ('L000000004', '45678901234567', '4444444444', 'Av. dos Passarinhos, 321 - Jardim das Flores');
INSERT INTO LOJA VALUES ('L000000005', '45678901234567', '5555555555', 'Rua dos Gatos, 555 - Vila dos Animais');
INSERT INTO LOJA VALUES ('L000000006', '12345678901234', '6666666666', 'Av. dos Cachorros, 987 - Vila dos Animais');
INSERT INTO LOJA VALUES ('L000000007', '45678901234567', '7777777777', 'Rua dos Pássaros, 111 - Vila das Aves');
INSERT INTO LOJA VALUES ('L000000008', '45678901234567', '8888888888', 'Av. dos Cavalos, 222 - Jardim dos Animais');
INSERT INTO LOJA VALUES ('L000000009', '34567890123456', '9999999999', 'Rua dos Hamsters, 444 - Vila dos Animais');

-- POVOAMENTO DE SERVICO

INSERT INTO SERVICO VALUES ('SRV001', '12345678910', TO_DATE('2023-04-17', 'YYYY-MM-DD'), 'Banho e Tosa', 50.00);
INSERT INTO SERVICO VALUES ('SRV002', '12345678911', TO_DATE('2023-04-18', 'YYYY-MM-DD'), 'Consulta', 100.00);
INSERT INTO SERVICO VALUES ('SRV003', '12345678912', TO_DATE('2023-04-19', 'YYYY-MM-DD'), 'Cirurgia', 500.00);
INSERT INTO SERVICO VALUES ('SRV004', '12345678913', TO_DATE('2023-04-20', 'YYYY-MM-DD'), 'Vacinação', 80.00);
INSERT INTO SERVICO VALUES ('SRV005', '12345678914', TO_DATE('2023-04-22', 'YYYY-MM-DD'), 'Banho e Tosa', 45.00);
INSERT INTO SERVICO VALUES ('SRV006', '12345678915', TO_DATE('2023-04-18', 'YYYY-MM-DD'), 'Consulta', 120.00);
INSERT INTO SERVICO VALUES ('SRV007', '12345678916', TO_DATE('2023-04-25', 'YYYY-MM-DD'), 'Cirurgia', 800.00);
INSERT INTO SERVICO VALUES ('SRV008', '12345678917', TO_DATE('2023-04-23', 'YYYY-MM-DD'), 'Consulta', 150.00);
INSERT INTO SERVICO VALUES ('SRV009', '12345678918', TO_DATE('2023-04-25', 'YYYY-MM-DD'), 'Vacinação', 90.00);

-- POVOAMENTO DE PRODUTO

INSERT INTO PRODUTO VALUES ('001', 'Nike', 199.99, 'Tênis');
INSERT INTO PRODUTO VALUES ('002', 'Adidas', 179.99, 'Tênis');
INSERT INTO PRODUTO VALUES ('003', 'Apple', 4999.99, 'Smartphone');
INSERT INTO PRODUTO VALUES ('004', 'Samsung', 3499.99, 'Smartphone');
INSERT INTO PRODUTO VALUES ('005', 'Sony', 2399.99, 'Smart TV');
INSERT INTO PRODUTO VALUES ('006', 'LG', 2999.99, 'Smart TV');
INSERT INTO PRODUTO VALUES ('007', 'Arno', 99.99, 'Liquidificador');
INSERT INTO PRODUTO VALUES ('008', 'Philips Walita', 149.99, 'Ferro de Passar');
INSERT INTO PRODUTO VALUES ('009', 'Mondial', 89.99, 'Sanduicheira');

-- POVOAMENTO DE OFERECEM 

INSERT INTO OFERECEM VALUES (TO_DATE('2023-04-16', 'YYYY-MM-DD'), 'SRV005', '005', 'L000000005');
INSERT INTO OFERECEM VALUES (TO_DATE('2023-04-17', 'YYYY-MM-DD'), 'SRV006', '006', 'L000000006');
INSERT INTO OFERECEM VALUES (TO_DATE('2023-04-18', 'YYYY-MM-DD'), 'SRV007', '007', 'L000000007');
INSERT INTO OFERECEM VALUES (TO_DATE('2023-04-18', 'YYYY-MM-DD'), 'SRV005', '005', 'L000000005');
INSERT INTO OFERECEM VALUES (TO_DATE('2023-04-19', 'YYYY-MM-DD'), 'SRV006', '006', 'L000000006');
INSERT INTO OFERECEM VALUES (TO_DATE('2023-04-19', 'YYYY-MM-DD'), 'SRV007', '007', 'L000000007');
INSERT INTO OFERECEM VALUES (TO_DATE('2023-04-19', 'YYYY-MM-DD'), 'SRV008', '008', 'L000000008');
INSERT INTO OFERECEM VALUES (TO_DATE('2023-04-20', 'YYYY-MM-DD'), 'SRV009', '009', 'L000000009');
INSERT INTO OFERECEM VALUES (TO_DATE('2023-04-20', 'YYYY-MM-DD'), 'SRV009', '001', 'L000000001');

